id;name;email;mobile;enabled;created;last_update
1;reciprocal payment;Juana_Kozey13@gmail.com;architecture invoice Rhode Island;true;2022-02-27T23:04:14;2022-02-27T13:04:41
2;paradigm;Tracey.Gibson@yahoo.com;Metrics engage world-class;true;2022-02-28T03:33:13;2022-02-28T08:51:04
3;Oregon Program;Kiarra39@hotmail.com;programming online Kids;true;2022-02-27T13:03:23;2022-02-28T02:38:48
4;Springs Checking Account;Elyse_Tromp9@hotmail.com;quantify;false;2022-02-28T02:18:55;2022-02-27T11:04:06
5;content Home Loan Account Corporate;Bridget_Buckridge@gmail.com;Solomon Islands Dollar;true;2022-02-27T18:31:53;2022-02-28T05:43:35
6;grey;Nettie.Koss@yahoo.com;online;false;2022-02-28T06:32:51;2022-02-27T14:59:23
7;Handcrafted Plastic Salad Idaho;Vallie_Osinski29@yahoo.com;approach;true;2022-02-28T01:21:38;2022-02-27T22:03:43
8;encoding haptic;Abigail.King92@gmail.com;Bike Proactive bandwidth;false;2022-02-27T19:13:29;2022-02-27T09:33:03
9;neural Up-sized migration;Bridie10@yahoo.com;magenta;false;2022-02-27T10:24:21;2022-02-28T08:23:26
10;dynamic;Ebony17@gmail.com;National Money Market Account;true;2022-02-28T06:22:22;2022-02-28T02:50:03
