id;plate;created;last_update
1;SMS Program;2022-02-27T15:19:33;2022-02-28T02:42:30
2;Vision-oriented;2022-02-27T12:53:19;2022-02-27T20:11:18
3;Portugal;2022-02-27T13:44:32;2022-02-27T14:23:08
4;Small Plastic Sausages indexing Awesome Rubber Chicken;2022-02-27T15:24:43;2022-02-28T05:03:46
5;indigo convergence Multi-tiered;2022-02-28T04:11:12;2022-02-27T09:08:28
6;Associate;2022-02-27T17:13:38;2022-02-27T17:15:45
7;Streets Music Consultant;2022-02-27T23:16:55;2022-02-27T18:15:14
8;Coves JSON Beauty;2022-02-27T16:37:33;2022-02-27T16:24:02
9;programming Texas;2022-02-27T18:18:36;2022-02-27T21:10:27
10;Avon gold;2022-02-27T10:15:34;2022-02-27T23:15:01
